<?xml version="1.0" encoding="utf-8"?>
<django-objects version="1.0">
    <object model="auth.user" pk="2">
        <field name="last_login" type="DateTimeField"><None></None></field>
        <field name="is_superuser" type="BooleanField">False</field>
        <field name="username" type="CharField">test</field>
        <field name="first_name" type="CharField">Тест</field>
        <field name="last_name" type="CharField">Тестовый</field>
        <field name="email" type="CharField">test@gmail.com</field>
        <field name="is_staff" type="BooleanField">False</field>
        <field name="is_active" type="BooleanField">True</field>
        <field name="date_joined" type="DateTimeField">2016-12-13T14:39:28+00:00</field>
        <field name="groups" rel="ManyToManyRel" to="auth.group"></field>
        <field name="user_permissions" rel="ManyToManyRel" to="auth.permission"></field>
    </object>
    <object model="about.userprofile" pk="1">
        <field name="user" rel="OneToOneRel" to="auth.user">2</field>
        <field name="avatar" type="FileField">documents/photo.jpg</field>
        <field name="prof_desc" type="CharField">Python Разработчик</field>
    </object>
    <object model="about.company" pk="1">
        <field name="name" type="CharField">Новое место Работы</field>
        <field name="location" type="CharField">Россия, Москва</field>
        <field name="website" type="CharField">example.com</field>
    </object>
    <object model="about.company" pk="2">
        <field name="name" type="CharField">Среднее место работы</field>
        <field name="location" type="CharField">Россия, Москва</field>
        <field name="website" type="CharField">example2.com</field>
    </object>
    <object model="about.company" pk="3">
        <field name="name" type="CharField">Первое место работы</field>
        <field name="location" type="CharField">Россия, Москва</field>
        <field name="website" type="CharField">example3.com</field>
    </object>
    <object model="about.work" pk="1">
        <field name="user" rel="ManyToOneRel" to="about.userprofile">1</field>
        <field name="company" rel="ManyToOneRel" to="about.company">1</field>
        <field name="position" type="CharField">Руководитель отдела технической поддержки</field>
        <field name="start_date" type="DateField">2013-09-01</field>
        <field name="end_date" type="DateField">2016-06-01</field>
    </object>
    <object model="about.work" pk="2">
        <field name="user" rel="ManyToOneRel" to="about.userprofile">1</field>
        <field name="company" rel="ManyToOneRel" to="about.company">1</field>
        <field name="position" type="CharField">Инженер отдела внедрения и сопровождения</field>
        <field name="start_date" type="DateField">2012-03-19</field>
        <field name="end_date" type="DateField">2013-09-01</field>
    </object>
    <object model="about.work" pk="3">
        <field name="user" rel="ManyToOneRel" to="about.userprofile">1</field>
        <field name="company" rel="ManyToOneRel" to="about.company">2</field>
        <field name="position" type="CharField">Начальник Информационно-Технического отдела</field>
        <field name="start_date" type="DateField">2011-03-01</field>
        <field name="end_date" type="DateField">2012-01-24</field>
    </object>
    <object model="about.work" pk="4">
        <field name="user" rel="ManyToOneRel" to="about.userprofile">1</field>
        <field name="company" rel="ManyToOneRel" to="about.company">3</field>
        <field name="position" type="CharField">Ведущий Технический Специалист ИТ отдела</field>
        <field name="start_date" type="DateField">2010-03-01</field>
        <field name="end_date" type="DateField">2011-03-01</field>
    </object>
    <object model="about.work" pk="5">
        <field name="user" rel="ManyToOneRel" to="about.userprofile">1</field>
        <field name="company" rel="ManyToOneRel" to="about.company">3</field>
        <field name="position" type="CharField">Технический Специалист ИТ отдела</field>
        <field name="start_date" type="DateField">2008-10-01</field>
        <field name="end_date" type="DateField">2010-03-01</field>
    </object>
    <object model="about.description">
        <field name="work" rel="ManyToOneRel" to="about.work">1</field>
        <field name="description" type="CharField">Управление</field>
    </object>
    <object model="about.description">
        <field name="work" rel="ManyToOneRel" to="about.work">1</field>
        <field name="description" type="CharField">Создание и внедрение</field>
    </object>
    <object model="about.description">
        <field name="work" rel="ManyToOneRel" to="about.work">1</field>
        <field name="description" type="CharField">Разработка</field>
    </object>
    <object model="about.description">
        <field name="work" rel="ManyToOneRel" to="about.work">2</field>
        <field name="description" type="CharField">Управление</field>
    </object>
    <object model="about.description">
        <field name="work" rel="ManyToOneRel" to="about.work">2</field>
        <field name="description" type="CharField">Создание и внедрение</field>
    </object>
    <object model="about.description">
        <field name="work" rel="ManyToOneRel" to="about.work">2</field>
        <field name="description" type="CharField">Разработка</field>
    </object>
    <object model="about.description">
        <field name="work" rel="ManyToOneRel" to="about.work">3</field>
        <field name="description" type="CharField">Управление</field>
    </object>
    <object model="about.description">
        <field name="work" rel="ManyToOneRel" to="about.work">3</field>
        <field name="description" type="CharField">Создание и внедрение</field>
    </object>
    <object model="about.description">
        <field name="work" rel="ManyToOneRel" to="about.work">3</field>
        <field name="description" type="CharField">Разработка</field>
    </object>
    <object model="about.description">
        <field name="work" rel="ManyToOneRel" to="about.work">4</field>
        <field name="description" type="CharField">Управление</field>
    </object>
    <object model="about.description">
        <field name="work" rel="ManyToOneRel" to="about.work">4</field>
        <field name="description" type="CharField">Создание и внедрение</field>
    </object>
    <object model="about.description">
        <field name="work" rel="ManyToOneRel" to="about.work">4</field>
        <field name="description" type="CharField">Разработка</field>
    </object>
    <object model="about.description">
        <field name="work" rel="ManyToOneRel" to="about.work">5</field>
        <field name="description" type="CharField">Управление</field>
    </object>
    <object model="about.description">
        <field name="work" rel="ManyToOneRel" to="about.work">5</field>
        <field name="description" type="CharField">Создание и внедрение</field>
    </object>
    <object model="about.description">
        <field name="work" rel="ManyToOneRel" to="about.work">5</field>
        <field name="description" type="CharField">Разработка</field>
    </object>
    <object model="about.education" pk="1">
        <field name="level" type="CharField">Среднее образование</field>
        <field name="description" type="CharField"></field>
        <field name="start_date" type="DateField">1993-09-01</field>
        <field name="end_date" type="DateField">2004-05-31</field>
        <field name="institution" type="CharField">Школа N 1</field>
        <field name="website" type="CharField">http://yandex.ru</field>
        <field name="user" rel="ManyToOneRel" to="about.userprofile">1</field>
    </object>
    <object model="about.education" pk="2">
        <field name="level" type="CharField">Высшее образование</field>
        <field name="description" type="CharField">Факультет программистов</field>
        <field name="start_date" type="DateField">2004-09-01</field>
        <field name="end_date" type="DateField">2006-12-31</field>
        <field name="institution" type="CharField">Хогвардс</field>
        <field name="website" type="CharField">http://geekbrains.ru</field>
        <field name="user" rel="ManyToOneRel" to="about.userprofile">1</field>
    </object>
</django-objects>
