[{"name": "\u043a\u0438\u043d\u043e", "img": "/media/img/film.png\n"},
{"name": "\u043c\u0443\u0437\u044b\u043a\u0430", "img": "/media/img/music.png\n"},
{"name": "\u0444\u043e\u0442\u043e\u0433\u0440\u0430\u0444\u0438\u044f", "img": "/media/img/photo.png\n"},
{"name": "\u043f\u0443\u0442\u0435\u0448\u0435\u0441\u0442\u0432\u0438\u044f", "img": "/media/img/plane.png\n"},
{"name": "\u043e\u0431\u0440\u0430\u0437\u043e\u0432\u0430\u043d\u0438\u0435", "img": "/media/img/edu.png\n"},
{"name": "\u043f\u0440\u043e\u0433\u0440\u0430\u043c\u043c\u0438\u0440\u043e\u0432\u0430\u043d\u0438\u0435", "img": "/media/img/floppy.png\n"}]